<?xml version="1.0" encoding="UTF-8" standalone="yes"?>
<addon id="plugin.video.gypo"
       name="gypo tv streams"
       version="1.2.1"
       provider-name="Modified by gypo/ Origional Author Shani">
  <requires>
    <import addon="xbmc.python" version="2.1.0"/>
    <import addon="script.module.beautifulsoup" version="3.2.1"/>
    <import addon="script.module.simple.downloader" version="0.9.4"/>
    <import addon="script.module.beautifulsoup4" />
    <import addon="script.module.requests" />
    <import addon="script.module.httplib2" />
	<import addon="script.common.plugin.cache" version="2.5.5"/>
	<import addon="script.module.metahandler" version="2.5.1"/>
	<import addon="script.module.addon.common" />
    <import addon="script.module.liveresolver" version="0.1.24" optional="true"/>
    <import addon="script.module.youtube.dl" optional="true"/>
    <import addon="plugin.video.youtube" optional="true" />
    <import addon="script.module.urlresolver" optional="true"/>
    <import addon="script.module.simplejson" />    
     <import addon="script.module.livestreamer" optional="true"/>
     <import addon="script.module.pyamf" optional="true"/>
	  </requires>
  <extension point="xbmc.python.pluginsource" library="default.py">
    <provides>video</provides>
  </extension>


  <extension point="xbmc.addon.metadata">
    <summary>Gypo TV links</summary>
    <description>
		Streams we have sourced pubically on the internet. 
		We don not HOST any content, we only provied the URLS
		that were Attained through google and other internet
		sources pubically searchable.
    </description>
    <platform>all</platform>
  </extension>
</addon>
