<?xml version="1.0" encoding="UTF-8" standalone="yes"?>

<channels>

<channel>
<name>channel 1</name>
<items>

<item>
<title>GoodFella</title>
<link>http://Ignoreme</link>
<thumbnail>https://github.com/twlizer/plugin.video.anonymous/raw/master/Images/goodfellas/fanart.jpg</thumbnail>
<externallink>http://www.goodfellasteam.com/goodfellas2/gf2main.xml</externallink>
</item>

<item>
<title>IndiCrew</title>
<link>http://Ignoreme</link>
<thumbnail>http://test</thumbnail>
<externallink>https://raw.githubusercontent.com/indiecrew/source/master/sukan</externallink>
</item>

<item>
<title>IFreemanWeb</title>
<link>http://Ignoreme</link>
<thumbnail>http://test</thumbnail>
<externallink>https://raw.githubusercontent.com/quoc66/IfreemanWeb/c16bfee83b26e5c7d96e37d1618909cb76268348/menu_tv</externallink>
</item>

</items>
</channel>


<channel>
<name>channel 2</name>
<items>

<item>
<title>test 1 on channel 2</title>
<link>http://Ignoreme</link>
<thumbnail>http://test</thumbnail>
</item>

<item>
<title>test 2 on channel 2</title>
<link>http://Ignoreme</link>
<thumbnail>http://test</thumbnail>
</item>

</items>
</channel>

</channels>



























