<link>

<link>
<name>Live Streams </name>
<link>https://github.com/tdbnz123/community-playlists-new/raw/master/menu/livestreams/menu</link>
<thumbnail>http://a1.mzstatic.com/us/r30/Purple69/v4/39/ce/64/39ce64e6-a3a3-7364-b66a-babfbde67422/icon175x175.png</thumbnail>
</link>




<link>
<name>Live TV/Sport</name>
<link>https://github.com/tdbnz123/community-playlists-new/raw/master/menu/livetv/menu</link>
<thumbnail>https://lh5.ggpht.com/z8Rj0gcoQa-XIwRaxRNBbiCX5SV1gfnEXtJx5AqQitxRY0Y1-3zwNk7RONmRschckXqn=w300</thumbnail>
</link>

<link>
<name>Movies</name>
<link>https://github.com/tdbnz123/community-playlists-new/raw/master/menu/movies/menu</link>
<thumbnail>http://thethreetomatoes.com/wp-content/uploads/userphoto/81.jpg</thumbnail>
</link>

<link>
<name>Freeview NZ</name>
<link>http://raw.githubusercontent.com/tdbnz123/community-playlists-new/master/tv/menu/freeview%20-NZ</link>
<thumbnail>https://s29.postimg.org/h5pjjr3s7/icon.jpg</thumbnail>
</link>

<link>
<name>Kiwimans Cage</name>
<link>https://github.com/tdbnz123/community-playlists-new/raw/master/menu/kiwimans%20cage/menu</link>
<thumbnail>https://pbs.twimg.com/profile_images/775844437863698432/JLrnhhaL.jpg</thumbnail>
</link>

<link>
<title>Simply Caz</title>
<link>https://github.com/tdbnz123/community-playlists-new/raw/master/menu/simply%20caz/menu</link>
<thumbnail>https://s27.postimg.org/53piurhpf/13103503_395733207217400_5813607015354106464_n.jpg</thumbnail>
</link>


<link>
<name>Carla's Palace</name>
<link>https://github.com/tdbnz123/community-playlists-new/raw/master/menu/Carla%20Palace/Menu/v1.8</link>
<thumbnail>https://s30.postimg.org/amywelqdd/sign_post_576727_960_720.png</thumbnail>
<fanart>https://s30.postimg.org/amywelqdd/sign_post_576727_960_720.png</fanart>
</link>

<plugin>
<title>Lastest News</title>
<link>plugin://plugin.video.youtube/playlist/PL3ZQ5CpNulQmjZzCKWhCpM4U_mm-OLOgi/</link>
<thumbnail>http://seattlefreepress.org/wp-content/uploads/2015/11/In-the-news-icon.png</thumbnail>
</plugin>

<link>
<name>Cartoons</name>
<link>https://github.com/tdbnz123/community-playlists-new/raw/master/menu/Cartoons/menu/menu</link>
<thumbnail>http://orig03.deviantart.net/4b17/f/2016/040/8/8/cartoon_icon_folder_by_mohandor-d9r5mry.png</thumbnail>
</link>




<link>
<title>[COLOR white]Music[/COLOR]</title>
<link>https://github.com/tdbnz123/community-playlists-new/raw/master/menu/kiwimans%20cage/music/menu/menu</link>
<thumbnail>http://imgc.appbank.net/c/wp-content/uploads/2015/09/applemusicofficon.jpg</thumbnail>
</link>


<link>
<name>The Wiggles</name>
<link>https://github.com/tdbnz123/The-wiggles/raw/master/menu/v1.0</link>
<thumbnail>http://www.ruckuslearning.com/wp-content/uploads/2015/10/xwiggles-icon.jpg.pagespeed.ic.4CBXuJpbE6.jpg</thumbnail>
</link>


<link>
<name>Test Section</name>
<link>https://github.com/tdbnz123/community-playlists-new/raw/master/menu/test</link>
<thumbnail>https://s10.postimg.org/lzhdl9lux/test200.png</thumbnail>
</link>

<plugin>
<name>Clear Cache.</name>
<link>plugin://plugin.video.CommunityPlaylists/?action=clearCache</link>
<thumbnail>https://cdn.wp.nginx.com/wp-content/uploads/2015/07/cache-stock-photo.jpg</thumbnail>
</plugin>

<plugin>
<name>30701</name>
<link>plugin://plugin.video.CommunityPlaylists/?action=openSettings</link>
<thumbnail>https://qph.ec.quoracdn.net/main-qimg-119f5bd2e1897dee7faa25db6ee6917f?convert_to_webp=true</thumbnail>
</plugin>

</links>
